image,score
54292784@N0541953926552.jpg,3.79
jdathebowler30499913042.jpg,3.13
93185434@N0826825105318.jpg,2.64
swaily587302536.jpg,3.46
tcowdrill31274426833.jpg,3.21
thierryvallet26710106606.jpg,3.33
76943426@N0617709122758.jpg,2.87
pjpink24170577560.jpg,1.88
luigiremonti26744560816.jpg,3.16
115517646@N0834264321025.jpg,3.42
87039642@N0031582636005.jpg,3.17
76943426@N0625746779534.jpg,3.38
raznicu201023770148828.jpg,4.0
fbancale29190828705.jpg,3.47
jonncrisp44638290174.jpg,3.85
68166820@N0820827564564.jpg,3.46
marcomagrini3582401480.jpg,3.98
146084805@N0730810026903.jpg,3.23
41066614@N0522460588314.jpg,2.92
knipser3140526284022483.jpg,3.38
138273571@N0723663835364.jpg,3.02
beatakerekes3475819839.jpg,3.2
107500768@N0325511539437.jpg,3.19
homefries7blogspotcom2879579533.jpg,3.25
bazrichardson17421328280.jpg,3.19
47137907@N0625245061348.jpg,3.33
filipmolcan29099126236.jpg,3.5
142218716@N0732505649172.jpg,2.73
joannarb200927921365061.jpg,2.37
sostand4165695281.jpg,3.85
knipser3140517007133347.jpg,3.1
sappho_et_amicae6208646726.jpg,2.74
unyink255579392762.jpg,3.3
14143447@N0639746960980.jpg,2.79
knipser3140516925610789.jpg,3.02
einisson31609839206.jpg,3.09
knipser3140517770745993.jpg,3.62
poboo7374676812.jpg,2.57
napowell16831873179.jpg,2.73
148516022@N0427871116958.jpg,3.8
robert_smrekar30485559250.jpg,3.84
8744268@N0828198834015.jpg,3.36
jozefrutkiewicz21967137140.jpg,3.75
knipser3140527446651113.jpg,3.7
knipser3140527421292593.jpg,4.0
keith_bowden_photos33830694384.jpg,3.45
robert_smrekar36050902833.jpg,3.5
knipser3140526539790824.jpg,4.11
knipser3140520051905832.jpg,4.35
oguzhanceyhanphotography27405566396.jpg,3.94
antiatlas29314269683.jpg,4.59
14017876@N0226261304273.jpg,3.45
wildlifelens32400997240.jpg,4.0
49214499@N0636609363932.jpg,3.16
113652263@N0226651481488.jpg,4.05
88380809@N0727458804069.jpg,3.27
128550277@N0527540529520.jpg,3.94
33083567@N0224192999508.jpg,3.24
silfoglia15790774861.jpg,4.0
mento6537359871732.jpg,3.87
agarwalarun40820242052.jpg,4.52
79003050@N0530903170595.jpg,3.24
fulc0l0rabstract22568165021.jpg,3.23
lizisanchez34160966144.jpg,4.39
chantsign22016927622.jpg,3.38
63847423@N0331674413230.jpg,3.64
knipser3140517082616606.jpg,4.25
129659840@N0825297823584.jpg,3.02
77974574@N0335979559164.jpg,3.12
ppetrassi20798146279.jpg,3.55
130287561@N0618411194765.jpg,3.77
128905059@N0225109365410.jpg,3.12
paul-nadin21066520675.jpg,3.96
thejimmer18124306633.jpg,4.0
te_whiu38606126031.jpg,3.48
feldore36810885000.jpg,3.96
fabiopolimadei35130430455.jpg,3.73
xalima_valverdi26661975865.jpg,4.39
tornado408244834246.jpg,3.89
pawelblaszak42902719702.jpg,4.19
danieldevad24630628247.jpg,3.27
grsmithimages25421771322.jpg,4.28
shadow_and_light21401230042.jpg,3.4
joekepieters43937281730.jpg,3.42
roomanald22619190262.jpg,3.29
michelleacoleman27151523000.jpg,3.9
tdk_sivart25592131470.jpg,4.04
dynasty_kral31136070446.jpg,2.96
costasarviliasphotography29769580101.jpg,3.75
marielledevalk30493690805.jpg,3.57
marcinkoczyk27652742849.jpg,2.83
lumog3721294913423.jpg,3.37
ebcreation24052253161.jpg,3.46
franckcontassot24206079668.jpg,4.31
47137907@N0638656460521.jpg,3.64
bhargavkesavan26898023137.jpg,3.18
jeff3844501543664.jpg,4.39
itucker30971327594.jpg,3.4
chriscamino24169448230.jpg,3.87
astrid27905295270.jpg,3.15
41066614@N0530059126875.jpg,3.12
41066614@N0524899056572.jpg,3.22
paddypix33041861410.jpg,3.35
49206336@N0414568819825.jpg,4.38
125725157@N0425609811230.jpg,3.48
127329277@N0343805039610.jpg,3.98
edoardogobattoni23324232996.jpg,2.53
cdi3937279392045.jpg,4.67
152299363@N0232711268250.jpg,4.49
126408818@N0346252799115.jpg,4.69
129791524@N0223566172086.jpg,4.77
shadow_and_light21303417000.jpg,3.91
dark-dave42589406964.jpg,4.5
desafos37959390512.jpg,2.87
knipser3140524968886176.jpg,3.99
ivan131143807993581.jpg,3.72
ernpics47013143702.jpg,4.04
raffaellarinaldi33602223253.jpg,3.6
e_liddell29491100944.jpg,3.73
99390420@N0232968052753.jpg,4.21
140427874@N0527650293356.jpg,3.71
89576501@N0547325019571.jpg,4.3
ivan131119874947208.jpg,3.63
98559958@N0312477606104.jpg,3.79
46228501@N0838019125265.jpg,4.09
109495219@N0816759800073.jpg,3.44
87185102@N0022981900009.jpg,3.4
75570698@N0335014808622.jpg,3.21
dariomanfrinatiph25254388765.jpg,3.5
lumog3712323918304.jpg,3.52
lievevandenbosch7285515046.jpg,3.4
robert_smrekar39082026511.jpg,4.05
robert_smrekar34326063073.jpg,4.15
kokulan32040829721.jpg,3.75
roscolosco27243886544.jpg,4.08
49707482@N0030527720746.jpg,4.31
ivan131125118810824.jpg,2.84
79003050@N0526298148742.jpg,3.69
darea6233918771456.jpg,3.76
131964995@N0645957848255.jpg,4.0
mokastet18080054888.jpg,4.1
einisson31336914083.jpg,4.08
lievevandenbosch7044116881.jpg,3.81
ebcreation33496037250.jpg,3.28
hstachel35065792623.jpg,3.98
131964995@N0640053173133.jpg,3.56
chrishootonphotography44351682964.jpg,3.58
128529552@N0445158861104.jpg,3.74
ivo145551555905.jpg,4.02
45693476@N0324237806641.jpg,3.28
101036269@N0611887344944.jpg,3.54
125626814@N0815646184136.jpg,3.18
rschuetz18041358462.jpg,4.19
157650474@N0340857708683.jpg,3.24
the_crow427100818124.jpg,4.2
anna-logisch41788635284.jpg,3.46
anto-san19676327842.jpg,4.02
jonbrown17975532952.jpg,4.74
photophob26992178912.jpg,3.31
barragebox25544458233.jpg,4.36
te_whiu22064137762.jpg,3.71
atassberg25321305894.jpg,4.04
42964440@N0827281326936.jpg,3.3
ivanseijo24549358381.jpg,3.8
knipser3140524941419059.jpg,3.42
33569737@N0726104988996.jpg,4.1
143034817@N0846565874905.jpg,3.83
9543718@N0519456940876.jpg,4.06
einisson26228226628.jpg,3.48
windenric126165363477.jpg,3.76
joannarb200916153826137.jpg,3.49
joekepieters28914375725.jpg,3.08
bleunord42466634741.jpg,4.0
a-cris11627954995.jpg,3.68
33569737@N0726395954411.jpg,4.1
chirles31474940550.jpg,4.39
124695999@N0547054095254.jpg,4.28
137983917@N0427717223279.jpg,3.67
knipser3140516059895999.jpg,3.71
129659840@N0823341050994.jpg,4.52
knipser3140526540907014.jpg,3.73
33416825@N0027847740018.jpg,4.06
126757219@N0331789609366.jpg,3.73
jambo5327443517809.jpg,3.96
119967596@N0613306508173.jpg,3.83
marie-elises28443741594.jpg,3.75
knipser3140520375897080.jpg,4.03
knipser3140517375790353.jpg,3.85
photophob26542832484.jpg,3.92
robmenting28810572072.jpg,4.64
ivan131119438725483.jpg,3.63
mamilein17551946620.jpg,3.31
thelivingnature28271612396.jpg,3.17
eddie_crutchley37081717615.jpg,4.24
jiawei199336826475605.jpg,3.56
rmc195224413716533.jpg,4.02
35979764@N0825120713124.jpg,4.15
itucker45751785242.jpg,4.28
143771645@N0246440141822.jpg,4.75
anasilva44874571405.jpg,3.94
99390420@N0230154874902.jpg,4.29
crcasela43924673491.jpg,4.08
79003050@N0533630043025.jpg,4.04
dcd4922744346930.jpg,5.12
47697485@N0227138276865.jpg,4.55
79003050@N0531450425102.jpg,4.62
127321163@N0427840162531.jpg,3.98
nasertamimi27826734511.jpg,4.54
132103689@N0330167997412.jpg,4.02
124706007@N0528834985766.jpg,4.71
95860871@N0329151259736.jpg,4.17
hstachel31234595580.jpg,4.7
knipser3140527097298461.jpg,4.03
vanessavox17776588343.jpg,4.42
100410892@N0330978518171.jpg,4.49
125725157@N0427779315474.jpg,3.56
melindagarner37083866502.jpg,4.34
42085750@N0018267247253.jpg,4.73
le_canoniste34532473042.jpg,4.54
97084178@N0532611411176.jpg,3.94
ivan131126249991224.jpg,3.69
100410892@N0327568328651.jpg,4.06
a_reef25865623247.jpg,4.1
the_crow427122058773.jpg,3.87
chriscamino24328019492.jpg,4.38
cdi3924032487358.jpg,4.73
frazzidoc45859548171.jpg,4.8
mariola_aga10705804294.jpg,3.59
aqas29140873561.jpg,4.71
ebcreation33760694651.jpg,4.71
111387595@N0524505076073.jpg,4.52
100202255@N0828375782546.jpg,4.79
133016908@N0428893454495.jpg,4.71
robmcc24254752808.jpg,3.99
ivan131119843441960.jpg,3.87
toniphotos22402444061.jpg,4.42
michaelabirchall16467221190.jpg,4.31
pierreleclerc26437416646.jpg,4.33
rckr8833372471548.jpg,3.34
119175883@N0417011542953.jpg,4.15
mona_oslo27884053373.jpg,3.82
137825219@N0736797992044.jpg,3.83
js835708121753.jpg,4.13
radimersky40033690114.jpg,4.5
luigiremonti18652156758.jpg,4.35
83815041@N0431754279014.jpg,4.36
knipser3140518495079556.jpg,4.41
choccupcake28996072970.jpg,4.42
120789414@N0524682107868.jpg,4.06
68572309@N0424245069448.jpg,5.29
124028346516695.jpg,4.53
justin-time30371012043.jpg,4.5
walrustexas26614263584.jpg,3.65
edoardogobattoni26187368366.jpg,3.92
138829824@N0427299962406.jpg,4.98
danieel_rico38460896646.jpg,3.92
125725157@N0428051873512.jpg,4.24
14535270@N0435137314011.jpg,4.71
mento6514022000664.jpg,4.71
enthalpy526493034468.jpg,3.88
cintet28533849405.jpg,4.33
92509991@N0312994072835.jpg,5.27
49214499@N0637135966602.jpg,3.95
22168828@N0639461064780.jpg,3.78
eddie_crutchley20328058158.jpg,3.99
edoardogobattoni21529658842.jpg,3.31
sonny-rey28320097770.jpg,5.34
ajhu27944876882.jpg,4.35
lowi_art25377360590.jpg,4.0
decalade21999084069.jpg,5.12
giovannifasulo40518594141.jpg,4.97
photophob30020243842.jpg,4.12
120862522@N0428963276086.jpg,3.22
145988625@N0532202432050.jpg,3.75
tomblandford27692512389.jpg,4.17
knipser3140525052328411.jpg,3.92
119967596@N0613242220024.jpg,4.97
robert_smrekar39371674512.jpg,4.48
leeharrisimages28285385279.jpg,4.71
ferrosette41741267055.jpg,3.9
9543718@N0519542920586.jpg,5.01
happyhowiephotography16373071241.jpg,4.69
szenczi29040690457.jpg,5.1
139676803@N0429250310094.jpg,3.94
eberg44367538542.jpg,4.1
silvia_photog30847778922.jpg,3.78
druzi25431578692.jpg,4.46
124023527903230.jpg,5.02
tornado406383954321.jpg,3.58
ebcreation35418021975.jpg,4.04
128807045@N0841799842684.jpg,4.37
webbow20520935253.jpg,4.53
anasilva44231655205.jpg,4.46
162814817@N0639733333834.jpg,5.19
48141388@N0730867556863.jpg,3.21
-klik-28984769521.jpg,3.98
draskd18835040461.jpg,4.51
159291500@N0340266402691.jpg,3.07
sappho_et_amicae15131410357.jpg,4.14
128331297@N0416316572729.jpg,4.47
126408818@N0346654873391.jpg,5.19
125725157@N0427421692003.jpg,4.11
138660823@N0631641484152.jpg,4.26
edoardogobattoni19946816384.jpg,3.16
32671193@N0523229906276.jpg,4.6
87039642@N0040226910650.jpg,4.71
131526298@N0530064606355.jpg,4.58
thelivingnature27695086443.jpg,4.04
fotonaturalistica_it14699242139.jpg,5.22
grzcrazyfoto5724575352114.jpg,3.96
helmet_1318043927612.jpg,4.08
dariusz_lipinski30012119210.jpg,5.12
126515611@N0730264905430.jpg,4.75
knipser3140523332517689.jpg,4.42
kokulan43985965850.jpg,4.42
88380809@N0728414550111.jpg,3.84
87039642@N0036710608616.jpg,3.35
photophob16627282379.jpg,4.12
martinlabar47366170682.jpg,3.54
p_marione30639563754.jpg,3.54
sebastian-klopfer39932356305.jpg,4.0
tarnpulli36174334034.jpg,4.15
ebcreation33780195885.jpg,4.55
87185102@N0024842288484.jpg,4.18
161270995@N0540527287871.jpg,4.89
138807894@N0238749067702.jpg,3.71
darea6227544262528.jpg,4.97
gripspix16298342360.jpg,3.77
harquail29629426012.jpg,4.14
55198400@N0527307883960.jpg,4.95
51337604@N0533812382104.jpg,4.79
eugeng_27985600263.jpg,4.3
mathieu_tomasino39475956171.jpg,4.87
138601970@N0426995581714.jpg,4.65
55269324@N0328846305758.jpg,4.75
68572309@N0442146445484.jpg,4.62
eddie_crutchley27184647082.jpg,4.46
timederveen31997459182.jpg,4.2
keith_bowden_photos31638287144.jpg,4.38
furbs0134130120823.jpg,5.37
angelonori16028824085.jpg,4.2
danbos24267514724.jpg,5.06
129882445@N0543853656294.jpg,4.22
fishmonger4546029703185.jpg,3.89
49214499@N0627494307041.jpg,4.04
jonncrisp43859368440.jpg,4.87
138516139@N0224587569163.jpg,4.46
timederveen16544284270.jpg,4.96
127169314@N0643299291982.jpg,4.71
sappho_et_amicae26262150470.jpg,4.12
153676791@N0242939263792.jpg,4.81
martinzurek30275833635.jpg,4.24
yannickgagnonphotographie28187525931.jpg,4.9
eddie_crutchley36739051413.jpg,4.79
yelliholm45180888922.jpg,5.15
66104887@N0626474058530.jpg,4.54
100202255@N0830491596844.jpg,4.85
cocoip3551071325.jpg,4.87
starsurfing38721799005.jpg,4.71
49123319@N0836512575914.jpg,5.56
hidalgosean40251842080.jpg,5.42
117546289@N0343988798700.jpg,5.15
128733010@N0726343025277.jpg,4.79
100202255@N0836041306265.jpg,4.76
himynameispaolo18223450480870.jpg,4.88
hidalgosean31991664182.jpg,4.72
13125812@N0028967833271.jpg,5.2
puzzola_family5050586623.jpg,5.44
silvyp40062928140.jpg,5.21
bazrichardson20320641494.jpg,4.82
mathieu_tomasino39910936683.jpg,5.43
ceca676218174036.jpg,5.07
berat69406534.jpg,5.13
anasilva45093617792.jpg,4.73
gmorlando18171060295.jpg,4.3
oloarge32379792632.jpg,4.25
always_busy25862347353.jpg,5.3
moonsoul44664776624.jpg,4.22
rom4rio7431642668836.jpg,4.31
117546289@N0332016006721.jpg,4.4
87185102@N0038431330462.jpg,4.55
132609952@N0517527956990.jpg,4.17
darek_drapala19321406804.jpg,4.47
wdterp20935902243.jpg,5.15
127850317@N0429435880897.jpg,4.86
79003050@N0526270403909.jpg,4.46
125725157@N0427521352303.jpg,4.5
87185102@N0025839932165.jpg,5.47
sverrir_thor8000985689.jpg,4.7
151209268@N0227740252989.jpg,4.78
edoardogobattoni21925970350.jpg,3.99
enthalpy526901272658.jpg,4.56
miclin11027771796944.jpg,4.95
119967596@N0613126412424.jpg,4.89
85541246@N0230579832460.jpg,5.29
jeff3834064608302.jpg,5.65
andrei_30582182823.jpg,5.11
124706007@N0528776222960.jpg,4.37
joewild43520647945.jpg,4.05
pilou8636373773.jpg,5.12
142947922@N0727228563123.jpg,4.9
121497482@N0417142023688.jpg,4.56
moonsoul45637380211.jpg,3.95
kokulan30550718411.jpg,4.62
73875377@N0323674405469.jpg,5.04
joannarb200924112449215.jpg,5.11
69659670@N0023416073359.jpg,4.26
92855615@N0423837298718.jpg,5.04
leendert328274189126.jpg,4.54
141300546@N0247262510112.jpg,4.44
mmoments43019766014.jpg,5.29
nespyxel2977717032.jpg,4.79
yannickgagnonphotographie37822406116.jpg,5.64
jamesbrew8064096738.jpg,4.97
jamesbrew8398356502.jpg,5.24
minar517389167913.jpg,4.83
draskd15689620397.jpg,4.84
87185102@N0044861627772.jpg,5.08
bkhagar_gallery25883246130.jpg,4.45
51266599@N0233379814663.jpg,4.67
arethusa-naturefan35827994852.jpg,4.67
79003050@N0536066231140.jpg,4.39
pedro_garcia_01535727089374.jpg,4.12
pawelblaszak41156116850.jpg,5.08
cintet28594903322.jpg,5.22
martinzurek19632933665.jpg,5.48
93476924@N0330507897142.jpg,4.64
96250052@N0646121905574.jpg,4.65
130659121@N0225736091386.jpg,4.42
135473712@N0643824123571.jpg,4.43
stanzebla16855988689.jpg,4.56
86505708@N0626927837482.jpg,5.29
117546289@N0330956447264.jpg,4.7
ametzelchen22647317060.jpg,4.66
147112734@N0237154689896.jpg,4.77
petrhorak32268429891.jpg,5.15
92788661@N0016878809828.jpg,5.73
onascht30357028374.jpg,4.48
58329010@N0623966829308.jpg,5.33
100410892@N0327477246322.jpg,4.56
sudeepnandi46394118315.jpg,4.92
23691269@N0519870463910.jpg,5.23
125725157@N0428329278410.jpg,4.36
memollol6969903510.jpg,5.29
andrei_33407029050.jpg,4.6
138673532@N0524477679411.jpg,5.16
33083567@N0238856029370.jpg,4.19
79979605@N0324538936004.jpg,4.34
95482135@N0228500078157.jpg,4.96
141845923@N0737839903655.jpg,5.2
helmet_1316116369717.jpg,4.89
mvanessen16921728461.jpg,4.79
129887298@N0323849498959.jpg,4.35
87185102@N0036309448523.jpg,4.66
trini926912275464.jpg,4.59
eugeng_28596123158.jpg,3.9
stevelavelle5458998184.jpg,5.13
yourfantasytravelclub24249640835.jpg,6.13
94758285@N0213755881123.jpg,5.03
usual-smile28556728614.jpg,4.84
itucker45906702721.jpg,4.68
radimersky27793259774.jpg,4.63
133625562@N0836287857020.jpg,5.77
131317927@N0537519770022.jpg,4.06
coolmcflash29164622190.jpg,4.67
yelliholm44508760964.jpg,5.42
akabolla20226739181.jpg,5.02
100878499@N0427769371325.jpg,4.71
fotoswietokrzyskie44205018352.jpg,5.26
145732223@N0634504592425.jpg,4.92
nasertamimi27108549536.jpg,5.21
pawelblaszak29326851378.jpg,5.79
145882555@N0446399858494.jpg,5.12
starsurfing39688560311.jpg,5.48
helmet_138221304941.jpg,5.34
timederveen16610689383.jpg,5.05
jamesbrew6163356285.jpg,5.88
kelev12186819253.jpg,4.34
116883504@N0722878048683.jpg,5.47
10072917@N0045578103381.jpg,5.46
132569667@N0325234801844.jpg,5.3
153676791@N0245408971901.jpg,5.81
48302384@N0529040242750.jpg,4.95
54904770@N0445244240211.jpg,5.5
denzelk27712225159.jpg,5.41
stanzim29085707305.jpg,5.22
91393867@N0030422728727.jpg,4.67
65681991@N0341170702460.jpg,5.18
54904770@N0446099375454.jpg,5.19
perikoperikon32003380754.jpg,5.78
michaelabirchall15736780179.jpg,5.5
reinol7414406230776.jpg,6.18
106070824@N0228856977302.jpg,5.46
lievevandenbosch6818796299.jpg,5.1
helmet_1312488303325.jpg,5.14
131993970@N0718605446023.jpg,5.04
127197264@N0327632776268.jpg,5.16
114492643@N0725007892788.jpg,5.61
silvergold21709666878.jpg,4.33
mmawad7628065565725.jpg,5.18
moonsoul30696488337.jpg,4.92
135473712@N0630226207938.jpg,5.03
imageborder31193003086.jpg,5.42
leeharrisimages45572615362.jpg,4.25
126864045@N0518307948270.jpg,6.09
reyub34351373921.jpg,5.65
joewild43520624545.jpg,4.75
100410892@N0328480670364.jpg,5.33
pentlandpirate40470847413.jpg,5.35
151209268@N0231874208328.jpg,5.68
131215867@N0424421941865.jpg,5.08
92773053@N0324990158626.jpg,5.04
helmet_139693067406.jpg,5.71
128953644@N0229106032987.jpg,5.76
maritbay33970607993.jpg,5.17
a_walden22433150217.jpg,5.48
richardamlewis35288379131.jpg,4.85
93172893@N0643735806550.jpg,5.92
w_von_s32901033092.jpg,5.54
amerdem15409347365.jpg,6.22
yannickgagnonphotographie29744743483.jpg,5.04
helmet_1327116477395.jpg,5.38
cbjohnson28661353902.jpg,5.22
helmet_132437263988.jpg,5.38
125692428@N0636049693850.jpg,5.73
151209268@N0240744986981.jpg,4.89
120789414@N0524324855356.jpg,6.15
giovannifasulo43722168212.jpg,6.53
71750604@N0433705288671.jpg,5.85
malcom_lang29599671570.jpg,5.67
96499594@N0517750803569.jpg,5.53
lotharheller25943517368.jpg,5.05
hstachel31416660941.jpg,5.98
miguelanxo5720850998273.jpg,4.53
21028294@N0645597948551.jpg,4.73
132663666@N0322593894704.jpg,4.95
pucher_gianfranco26018454532.jpg,5.57
125725157@N0427511720606.jpg,5.5
56958316@N0724801790552.jpg,5.71
-klik-23484285096.jpg,5.1
25863410@N0732525011587.jpg,5.83
90175010@N0238652030066.jpg,6.12
110154554@N0445374007244.jpg,5.94
mathieu_tomasino30646226987.jpg,5.78
toniphotos42362288592.jpg,5.63
125725157@N0432826192135.jpg,5.06
56201138@N0335163093234.jpg,4.62
131616218@N0320044181362.jpg,4.7
ola_er39383345044.jpg,5.6
145683341@N0733873768138.jpg,5.18
andygocher30643781887.jpg,5.27
129659840@N0834968187495.jpg,5.92
helmet_1335218030752.jpg,5.83
jimhellier40873275371.jpg,5.46
kenny_barker5189747513.jpg,4.87
10687551@N0218367117243.jpg,6.0
100410892@N0326787873663.jpg,5.17
jorgefalck_photography34066343513.jpg,5.04
g_en_d39689690351.jpg,5.42
benoitalluin37495229712.jpg,5.75
szemisz31357588986.jpg,5.71
taxxon270525818570946.jpg,5.0
79003050@N0534938771161.jpg,4.78
neelsandrine22659303410.jpg,5.62
131912989@N0228735898454.jpg,6.57
helmet_1343566268914.jpg,5.23
barbaracozic11006929614.jpg,5.53
ajhu28634465000.jpg,6.04
pvizdal_photo42470793932.jpg,5.6
leeharrisimages34576696226.jpg,5.5
helmet_1343709767771.jpg,4.96
117937977@N0830144366050.jpg,5.53
131317927@N0537619241750.jpg,5.42
jepics28856266906.jpg,5.62
128091419@N0817025271283.jpg,5.34
21028294@N0645597935541.jpg,4.96
danbos24778242192.jpg,6.0
helmet_1343201895995.jpg,5.42
ramona_rr23973055269.jpg,5.0
a_reef40026663294.jpg,5.29
garygrossman30563058306.jpg,5.25
ivo142215708451.jpg,5.73
darea6238608903972.jpg,5.71
162524151@N0732836295647.jpg,5.21
131254212@N0524421425875.jpg,4.91
massimo_photos30826608448.jpg,6.02
mona_oslo32445460816.jpg,5.11
doods-euphoria24088860641.jpg,5.1
volleskorn34142048453.jpg,4.89
wynaturephotographer44393670584.jpg,4.98
apurva_madia28394764255.jpg,5.33
145882555@N0429948952008.jpg,4.59
garygrossman29890948872.jpg,5.67
107942666@N0716741401875.jpg,4.93
photophob27368912436.jpg,5.58
helmet_1317685590168.jpg,5.45
globalfoto39145462211.jpg,4.71
26230150@N0836660050245.jpg,5.99
helmet_1342704542294.jpg,5.44
luigiremonti44003718174.jpg,5.82
strocchi40633407695.jpg,6.69
frankbostonphoto38217608644.jpg,6.55
shadow_and_light20761546388.jpg,5.57
42766545@N0732586199943.jpg,6.07
49123319@N0835384931566.jpg,5.8
135434384@N0724468412805.jpg,5.54
129341276@N0620461294311.jpg,5.36
leeharrisimages36960206121.jpg,6.12
knipser3140518976684624.jpg,6.17
109773589@N0826494818344.jpg,5.58
michaelryno46699985745.jpg,6.38
felixvila18856007985.jpg,6.38
79003050@N0530091873905.jpg,5.5
26849514@N0611030252935.jpg,6.17
79003050@N0535990157545.jpg,5.81
phils-pixels25403142284.jpg,5.58
helmet_1316120836470.jpg,5.82
trini925952104273.jpg,5.79
halbfeld28567432913.jpg,6.08
enricodot31008573645.jpg,5.99
tjaldur6647174858852.jpg,6.62
imaeland42889937114.jpg,5.46
minar536216678092.jpg,5.78
helmet_1345160610651.jpg,5.2
127321163@N0427769463304.jpg,5.75
adric1010237788554.jpg,4.76
antoni-vallejo46488238864.jpg,5.43
151209268@N0241001768702.jpg,5.75
kvse-pics28721269443.jpg,6.41
68709657@N0632446313405.jpg,6.63
jbernstein89932413839012.jpg,5.32
imageborder23880218749.jpg,6.04
md_mc6981064832.jpg,6.02
helmet_134994441152.jpg,5.5
26882566@N022542217148.jpg,5.31
95904430@N0428433254891.jpg,5.85
78747203@N0830105054988.jpg,6.41
melindagarner37256101725.jpg,5.52
94400000@N0631651880803.jpg,5.64
44698004@N0228213251159.jpg,6.18
skyblueartvisions40429534494.jpg,5.5
oliko216469817202.jpg,6.08
26145703@N0540887969215.jpg,5.83
128331297@N0416571270161.jpg,6.12
106257465@N0719807422969.jpg,5.57
100965302@N0531978966124.jpg,6.15
minar527767248681.jpg,6.46
askjellr38994015802.jpg,5.78
49123319@N0836478059552.jpg,5.97
tony70929382491197.jpg,6.08
129659840@N0831871478235.jpg,6.16
moonsoul33143695328.jpg,5.1
121497482@N0420074890439.jpg,6.05
globalfoto30956221661.jpg,5.37
67091076@N0727467051110.jpg,6.19
129659840@N0824156227358.jpg,4.84
mag335027296585.jpg,6.11
davidearth28043915842.jpg,5.25
velaeda36609327632.jpg,5.88
126710094@N0422677491508.jpg,5.53
helmet_1315435248225.jpg,6.4
lennykphotography24007709514.jpg,5.98
125313758@N0239722793771.jpg,6.52
a_reef25133496894.jpg,5.64
zebostero38945728314.jpg,5.71
129577003@N0427633151216.jpg,5.65
eric_121926119533380.jpg,6.32
99601760@N0726072135250.jpg,5.55
lawrencecornell27441903678.jpg,6.58
96654411@N0243413181064.jpg,5.84
137083763@N0438499149535.jpg,6.03
chriscamino23766043704.jpg,7.0
135106807@N0230095171592.jpg,5.78
92855615@N0445610380702.jpg,5.62
helmet_134652912311.jpg,6.53
lennykphotography24855790979.jpg,6.09
118025701@N0216711339910.jpg,5.9
151209268@N0244317543821.jpg,5.46
askjellr22427947976.jpg,6.45
130889230@N0723923070849.jpg,5.92
thomas-berg-cottbus33042455598.jpg,5.88
purifm41035573014.jpg,5.5
135106807@N0237223145456.jpg,5.8
thelivingnature27697937704.jpg,5.81
helmet_1333031421143.jpg,6.34
41745661@N0220577718622.jpg,6.01
yasmine-hens45442513731.jpg,6.15
124826721@N0231870602505.jpg,5.4
helmet_1315406874459.jpg,6.4
trini938712204555.jpg,5.29
presbi40494711702.jpg,4.87
138601970@N0427605653135.jpg,6.69
howardsandford36876571955.jpg,5.81
ololiuqui11149066193.jpg,5.68
125721875@N0535813003164.jpg,5.83
cristinamateos24890287256.jpg,5.84
tony70943672655281.jpg,5.96
144824822@N0630207585625.jpg,6.1
131317927@N0531420671756.jpg,5.56
49123319@N0839126198152.jpg,5.45
lawrencecornell17090873240.jpg,6.61
pedalhead20251677154.jpg,6.0
130106737@N0528593059360.jpg,5.95
yasmine-hens40419008435.jpg,5.71
helmet_1331376680860.jpg,5.44
79003050@N0535347162076.jpg,5.61
w_von_s34810629686.jpg,6.2
helmet_1332976992903.jpg,6.27
136888758@N0827184126126.jpg,6.06
151209268@N0246542626981.jpg,6.2
151209268@N0226329338518.jpg,5.78
ebcreation34891707906.jpg,6.0
p_revagar18840701403.jpg,5.67
askjellr34533501081.jpg,5.78
8brian34425919561.jpg,6.21
helmet_1333770084575.jpg,6.15
antoni-vallejo46504023164.jpg,6.02
salvy_italy18747427968.jpg,6.82
mingus195521921831851.jpg,6.67
ebcreation25174890275.jpg,5.96
142474791@N0734790613186.jpg,6.86
rcbenson15284719893.jpg,6.54
107942666@N0741688907870.jpg,6.58
100410892@N0329515310602.jpg,6.24
61964154@N0541889758302.jpg,6.73
antoni-vallejo47102641081.jpg,5.81
abbyrow43560427732.jpg,5.75
antoni-vallejo44534575790.jpg,5.93
100965302@N0531764139493.jpg,6.95
79003050@N0525495779160.jpg,5.95
162814817@N0642167073341.jpg,6.49
p_revagar19214330514.jpg,6.07
thelivingnature27697513304.jpg,6.5
rybakam45720429551.jpg,5.49
mandarine1240368501854.jpg,6.72
49123319@N0838243596124.jpg,7.04
152417729@N0340754456660.jpg,6.72
106257465@N0719377918164.jpg,6.04
151209268@N0242720950122.jpg,6.46
125725157@N0436477734530.jpg,6.6
ls3amor27830043297.jpg,6.92
138516139@N0227595930130.jpg,6.45
francobeccari21939234950.jpg,6.17
138516139@N0226439110710.jpg,6.19
usaidabbasi22315693318.jpg,5.93
szemisz24680594726.jpg,5.81
130021923@N0725864654196.jpg,6.37
134490904@N0740019751194.jpg,5.83
clickpix_eu20287583053.jpg,6.8
lense2336855620110.jpg,6.04
joewild44349956831.jpg,6.73
steffos_198635908604521.jpg,6.79
120783372@N0432292992636.jpg,6.09
joseluisbriz44254956582.jpg,6.49
125721875@N0527987788224.jpg,5.81
16021433@N0726258519090.jpg,5.94
antoni-vallejo46505317035.jpg,6.0
57596917@N0022724916454.jpg,5.84
131993970@N0721458698334.jpg,6.37
143458341@N0533043419218.jpg,6.9
jeanmclane31044860555.jpg,6.79
x1klima29856543226.jpg,5.8
sostenesmonteiro17231840794.jpg,6.56
151209268@N0228356280239.jpg,6.33
71750604@N0433051652264.jpg,7.14
w-utsch33818531803.jpg,6.46
lotharheller41076043331.jpg,6.28
98441955@N0636398035364.jpg,6.02
yasmine-hens41081242224.jpg,6.4
87185102@N0043262914820.jpg,6.42
78257298@N0624657939821.jpg,6.17
29240630@N0421289205713.jpg,6.4
127892840@N0527379594709.jpg,7.02
mauroluigi39536483811.jpg,5.92
49090396@N0232722013331.jpg,6.62
13267363@N0837340511494.jpg,6.64
shadow_and_light21603739105.jpg,6.54
112616056@N0835291543851.jpg,6.73
mike_sky47391616001.jpg,7.12
1010199324542391753.jpg,5.98
ian-con30328572182.jpg,6.17
128331297@N0417385039952.jpg,6.3
bbalaji28453363818.jpg,6.14
kimmo-ojaniemi27292805744.jpg,5.75
102086516@N0730883892920.jpg,6.85
jaapvanwerven201128064523810.jpg,5.88
166578944@N0740327218173.jpg,6.88
yasmine-hens27489949327.jpg,6.05
130047600@N0215878777780.jpg,5.95
132000979@N0536080361115.jpg,6.1
124773805@N0631874334254.jpg,6.64
120862522@N0429402916717.jpg,6.22
160009022@N0533615973578.jpg,5.77
128331297@N0416572902305.jpg,7.16
keith_bowden_photos35949615976.jpg,6.29
126616561@N0832240852266.jpg,6.2
bigfai33630067133.jpg,6.86
bjmsch12484155874.jpg,6.63
msguo9927337515787.jpg,7.05
jhonsach7616138981404.jpg,6.44
wendeler46381195042.jpg,7.17
antoni-vallejo32202073007.jpg,6.16
1010199324909402809.jpg,6.15
dubusregis24544915352.jpg,6.46
sizun_eye20037852458.jpg,6.96
eva_astur29843737737.jpg,6.08
petrhorak25153831337.jpg,6.69
134958512@N0628909475967.jpg,5.61
138796025@N0426763760101.jpg,5.85
tilley__black29925649874.jpg,5.79
rcbenson18720685345.jpg,5.91
andrei_23700707665.jpg,6.71
135049507@N0429158983784.jpg,6.45
129659840@N0831671708403.jpg,6.45
sostenesmonteiro19498430029.jpg,6.05
olgl33449797041.jpg,7.19
119400285@N0721516181100.jpg,7.31
75487768@N0451222336748.jpg,6.5
138471960@N0724311338136.jpg,6.19
bocero197727341791483.jpg,6.12
151209268@N0241085979540.jpg,5.97
143091522@N0440004269433.jpg,6.92
134958512@N0642037276310.jpg,6.29
sappho_et_amicae26353870531.jpg,7.75
minar533492527781.jpg,6.85
geinis42352435354.jpg,7.63
106802698@N0827692944033.jpg,7.68
lakota4116905624988.jpg,6.52
thoredvardsen36786128706.jpg,6.61
49123319@N0837279342584.jpg,7.42
160009022@N0546106258164.jpg,6.53
albeva30061077115.jpg,7.72
154277446@N0536009588285.jpg,7.14
fabien_georget38597440626.jpg,7.4
129911958@N0418277934001.jpg,7.0
30673739@N0228329263942.jpg,6.68
98426722@N0520040520701.jpg,6.85
102086516@N0731358554346.jpg,6.46
antoni-vallejo32709201178.jpg,6.36
pedro_garcia_01535340891825.jpg,7.03
151209268@N0224939004908.jpg,7.03
salvy_italy19077701552.jpg,7.28
slicomir324038140420.jpg,6.92
tilley__black32446554033.jpg,6.45
128331297@N0416668572937.jpg,6.54
rogermathewes22075322011.jpg,6.85
157094265@N0841127653345.jpg,7.7
photogaphotography22582568116.jpg,7.16
129577003@N0432306814860.jpg,6.37
zecaetano37022680596.jpg,7.04
jaapvanwerven201133619874564.jpg,6.7
frpaulhackett22344083611.jpg,7.39
igor-sorokin26712850225.jpg,6.41
jaapvanwerven201131263896346.jpg,6.73
tilley__black26117862290.jpg,6.66
yasmine-hens45598214002.jpg,6.96
131355885@N0832997232446.jpg,6.88
gopper131184465000.jpg,6.7
26849514@N0611276886155.jpg,6.25
zeeyolqpictures27326351080.jpg,6.42
104486340@N0319668007656.jpg,7.09
kooskoos27901346064.jpg,7.09
gerwi46565700555.jpg,7.56
antoni-vallejo45069919265.jpg,6.77
rschnaible15531664313.jpg,6.99
rtc68_europa_photography24076336190.jpg,6.62
100860509@N0721380429911.jpg,7.46
salvy_italy41882788440.jpg,7.0
alcarriaxxi47447794171.jpg,7.04
kooskoos40508390445.jpg,6.97
helmet_1315549421236.jpg,7.55
150637634@N0639191303805.jpg,6.5
151209268@N0238938302231.jpg,7.37
antoni-vallejo33390571228.jpg,7.0
strocchi29343741260.jpg,7.56
strocchi27181133638.jpg,7.39
mini_malist38350274172.jpg,7.5
marcdegraaf9826587325524.jpg,7.28
10687551@N0217531802028.jpg,7.17
96132815@N0233792047303.jpg,7.2
antoni-vallejo47197755902.jpg,6.73
105061735@N0747319611842.jpg,6.9
33837371@N0640576873654.jpg,6.96
snowflowermass33576345748.jpg,7.2
yasmine-hens34733110846.jpg,6.92
ryannafoxclaw39117233904.jpg,5.96
paslematin42920402334.jpg,6.62
gailp2rt39870508951.jpg,7.38
101076876@N0524287918442.jpg,7.14
138796025@N0426056133473.jpg,6.65
jozefrutkiewicz28716090205.jpg,6.67
127623111@N0819497453825.jpg,6.46
tobi04063315841788.jpg,6.37
starsurfing25348013917.jpg,7.62
26849514@N0611611317846.jpg,6.9
sappho_et_amicae28253775912.jpg,6.72
115188198@N0334619263411.jpg,7.04
94400000@N0628477832238.jpg,6.94
142739849@N0434903926472.jpg,6.1
stediv35901203914.jpg,7.4
minar537394861092.jpg,6.83
igor-sorokin21395620809.jpg,6.45
sappho_et_amicae29852281596.jpg,6.64
antoni-vallejo45693296844.jpg,6.12
130143498@N0733950933044.jpg,6.88
144999844@N0638273390382.jpg,7.12
_magellan_20348840605.jpg,6.39
einirwynleigh42631684082.jpg,7.67
igor-sorokin27230995821.jpg,6.33
125712975@N0426141919010.jpg,7.77
ajhaysom30438995834.jpg,7.36
140655802@N0436222045723.jpg,6.47
161945909@N0329211207018.jpg,6.42
125871110@N0629733557894.jpg,6.99
valley_trekker26853200026.jpg,7.4
alekathomaidou24145252568.jpg,6.63
reupa39552624472.jpg,6.29
129341276@N0617049665169.jpg,7.0
jepics25425524247.jpg,6.96
deanallan38374237764.jpg,7.92
lionheart183347762031042.jpg,7.11
sappho_et_amicae30609865202.jpg,6.51
brigguslad25184716232.jpg,6.12
109773589@N0822875012566.jpg,6.94
125703948@N0616062559685.jpg,7.46
antoni-vallejo47405616151.jpg,6.72
77462054@N0229415769068.jpg,7.7
134723764@N0228061314240.jpg,6.82
71429773@N0632687414484.jpg,7.56
tglow218164954.jpg,7.67
scarlet-poppy21136626375.jpg,7.55
jeanmclane31294280236.jpg,7.33
125725157@N0437085233372.jpg,6.86
115188198@N0334464139126.jpg,6.58
joewild29413866777.jpg,6.94
sappho_et_amicae28996980382.jpg,6.96
rcbenson18698240218.jpg,6.62
hrubos41598395524.jpg,7.62
131912989@N0229765057085.jpg,6.78
harveyjones41331262554.jpg,6.44
151209268@N0232054855467.jpg,7.08
107942666@N0736982978042.jpg,7.35
131029255@N0843673226891.jpg,6.75
tarjaj29506217613.jpg,6.66
106104637@N0830199435466.jpg,6.83
rcbenson22833865305.jpg,7.1
120117087@N0826852976602.jpg,6.83
129577003@N0425956618477.jpg,7.83
toddye200034667748250.jpg,7.47
111565956@N0534385057073.jpg,7.49
richexposure29544812164.jpg,8.17
125725157@N0437706437034.jpg,8.24
rockwellkirk29893970241.jpg,6.92
127892840@N0527816196839.jpg,7.81
143442981@N0431956135082.jpg,7.39
deanallan26826433268.jpg,8.29
rschnaible20658871612.jpg,7.35
150689779@N0825099382997.jpg,7.49
tassosgi38046431394.jpg,7.77
johnhemphoto30445260893.jpg,7.9
fotofloridian28191720255.jpg,7.12
justin-time22215721055.jpg,7.48
49123319@N0838414159291.jpg,8.48
134958512@N0643465237682.jpg,6.92
chemose24997658527.jpg,7.06
127438676@N0832280574221.jpg,7.11
cubagallery23313968663.jpg,7.66
106070824@N0241460661362.jpg,7.58
126616561@N0826926178113.jpg,7.45
131912989@N0228551320693.jpg,7.5
yasmine-hens31722461224.jpg,7.22
161945909@N0342153386854.jpg,6.63
yasmine-hens35906780321.jpg,7.55
barbara_kelsey46616608395.jpg,7.03
johnhemphoto46990767974.jpg,7.89
51395021@N0333187129138.jpg,7.77
131912989@N0228585278746.jpg,8.15
whiteshipdesign39895425821.jpg,7.55
yvainstyle46714429384.jpg,7.07
133709405@N0432289724983.jpg,7.86
127892840@N0524976535778.jpg,8.36
gerwi26311152495.jpg,7.1
128331297@N0416980285625.jpg,7.38
thomae26212216305.jpg,7.38
146443829@N0237048156563.jpg,7.03
helmet_136344431495.jpg,8.15
yasmine-hens32316664881.jpg,7.33
125725157@N0438010110015.jpg,8.21
yasmine-hens34058528800.jpg,7.67
yasmine-hens41638628212.jpg,7.12
125725157@N0438119657881.jpg,7.79
125725157@N0436883819396.jpg,8.32
rudi5831576211404.jpg,6.7
136328698@N0232834436004.jpg,7.98
ebcreation31992593800.jpg,8.04
151358441@N0441252751610.jpg,7.14
106070824@N0246482969885.jpg,7.7
150689779@N0843892184410.jpg,7.42
rinogas29254728217.jpg,7.21
79684073@N0736967617850.jpg,7.15
alice24034155116780.jpg,7.72
cubagallery20181914739.jpg,7.3
136852301@N0524281473918.jpg,6.69
160120174@N0438237064754.jpg,7.85
153779403@N0529154987897.jpg,7.44
154277446@N0535198713273.jpg,7.1
128887511@N0438391404585.jpg,7.82
148646088@N0830749887333.jpg,6.86
fotoguido38430625842.jpg,7.29
151209268@N0240193229552.jpg,7.33
igor-sorokin20771151925.jpg,7.25
helmet_1329948294721.jpg,8.29
136390377@N0240878869964.jpg,7.2
andrei_18356492723.jpg,7.02
p_revagar19677655762.jpg,7.83
pego2830944419136.jpg,7.17
tobi04064392627536.jpg,6.62
98179361@N0321604821054.jpg,7.46
49123319@N0836305740234.jpg,7.21
tobi04065682177829.jpg,6.6
136361383@N0528902120632.jpg,7.42
bessula5456486001.jpg,6.64
104656857@N0631556022588.jpg,8.25
danilo_antonini31221980681.jpg,7.79
tobi04063029409709.jpg,6.87
120594978@N0339959009342.jpg,7.68
123860072@N0746782115295.jpg,7.33
chk-photo41506184980.jpg,6.92
134179010@N0331351345133.jpg,8.14
146443829@N0227826220689.jpg,6.97
98763899@N0735251890386.jpg,7.28
83990130@N0343611051914.jpg,7.67
133275308@N0725902796485.jpg,7.03
kenny_barker24743295607.jpg,6.94
rcbenson15585922728.jpg,7.67
jesuspd33781081058.jpg,7.84
flubscuteness45294404582.jpg,7.82
einirwynleigh29407374527.jpg,7.54
bavare5142155458135.jpg,7.19
125938820@N0422353116056.jpg,7.04
yasmine-hens34884616952.jpg,7.51
bobcstks35979962574.jpg,7.3
98763899@N0736935421575.jpg,7.38
erik_van_hassel24463174464.jpg,7.95
125725157@N0423699188778.jpg,8.31
helmet_1335651090344.jpg,8.02
125725157@N0438880696302.jpg,7.25
136390377@N0239831160024.jpg,7.35
117688338n0316886433587.jpg,7.29
130047600@N0215928452893.jpg,6.47
lennykphotography24435474119.jpg,7.87
34557852@N0640471440453.jpg,6.94
yasmine-hens24304637478.jpg,6.99
drohiczyn23554281339.jpg,7.04
125969625@N0823065599655.jpg,7.46
aleha537505643114.jpg,7.45
150689779@N0837030614732.jpg,7.26
brechtvhb33618987525.jpg,7.21
138758110@N0845439496665.jpg,7.88
gregoryrohan39281769740.jpg,7.2
126616561@N0827481988673.jpg,7.83
jhonsach7617642758269.jpg,7.63
whiteshipdesign44167630822.jpg,7.08
alice24030388135960.jpg,6.87
imageborder23202376982.jpg,7.5
144952880@N0232320098365.jpg,7.92
16883564@N0445533695971.jpg,7.63
thelivingnature28064421974.jpg,7.2
146443829@N0236792807490.jpg,7.6
39271193@N0240130419364.jpg,7.72
yasmine-hens32538866681.jpg,7.18
philocycler27653319031.jpg,5.88
134378250@N0535337064825.jpg,8.02
131912989@N0228573226371.jpg,7.75
basetree11827622834.jpg,8.59
26849514@N0626995035030.jpg,7.58
98763899@N0733915075125.jpg,6.61
yasmine-hens41297172701.jpg,7.04
129717605@N0844055962361.jpg,8.21
kevjeff24788457479.jpg,7.33
neilhamilton7929691880495.jpg,7.82
125725157@N0436755382152.jpg,7.75
paslematin39877908571.jpg,7.36
79609477@N0714989406952.jpg,7.58
kvse-pics16894138806.jpg,7.3
115188198@N0324478630453.jpg,7.17
hjuengst23893846272.jpg,7.58
igor-sorokin27212843445.jpg,7.13
yasmine-hens37676683052.jpg,7.29
141487081@N0227537533795.jpg,7.55
fabriziodutto24923273760.jpg,8.12
124093236@N0427304776620.jpg,8.29
rschnaible29864304688.jpg,7.38
marcusrahm28332647032.jpg,7.92
darkcaronte20462264620.jpg,8.38
125725157@N0443704047280.jpg,7.95
altugkarakoc13031530905.jpg,8.14
alexbucevschi15919831314.jpg,7.88
heidirewell33768140718.jpg,8.02
vince-leo19060193506.jpg,7.69
100606049@N0421777368190.jpg,7.56
tpeck32193414122.jpg,7.96
77425308@N0628517043913.jpg,8.36
124093236@N0428075819401.jpg,8.29
esteecha15243648680.jpg,7.25
alextrenta26616056646.jpg,8.12
132878580@N0322392931318.jpg,8.4
yasmine-hens40225949084.jpg,7.89
125725157@N0444419654094.jpg,8.18
gazcreativediver31087424430.jpg,8.37
98179361@N0335482985985.jpg,8.44
ruhevoll40561754743.jpg,7.85
125194658@N0516024482969.jpg,7.73
thomashesse31379200746.jpg,8.96
vince-leo19181748646.jpg,8.02
131485491@N0347004825564.jpg,7.48
136852301@N0537193442156.jpg,8.1
japy_timemachine30892195927.jpg,8.34
98763899@N0736348079946.jpg,8.32
112125470@N0332026346867.jpg,8.07
paslematin28247649939.jpg,7.81
109459347@N0831640849276.jpg,7.86
gauvreau-yves43067693644.jpg,8.15
steffos_198639713165345.jpg,7.99
1010199332141401590.jpg,7.55
160120174@N0432869272147.jpg,8.18
100734389@N0339518416750.jpg,8.01
ceallach27531745761.jpg,8.54
andrei_20144172644.jpg,7.71
pedrosz23929500196.jpg,8.38
91222327@N0727942751776.jpg,8.36
pedro_garcia_01537428211024.jpg,8.35
134179010@N0339072986184.jpg,8.84
46059838@N0419331878920.jpg,7.93
98763899@N0729929969502.jpg,7.98
125725157@N0446446743094.jpg,8.21
131485491@N0332953998006.jpg,8.6
100606049@N0421683579844.jpg,7.29
andrei_23618317351.jpg,8.58
141487081@N0229692589788.jpg,7.92
rschnaible33369681718.jpg,7.21
144999844@N0626083958117.jpg,8.27
bradders2923657890549.jpg,8.38
124093236@N0425345734679.jpg,8.16
rinogas28872480323.jpg,9.1
125725157@N0436200382613.jpg,8.67
akwingnuts24591001418.jpg,8.0
132660457@N0827275417875.jpg,8.04
whiteshipdesign23599480658.jpg,8.29
132626796@N0530708747890.jpg,7.5
125450088@N0227900571731.jpg,7.25
92773053@N0326788139305.jpg,8.37
105175385@N0610613825683.jpg,7.47
richardamlewis29391934026.jpg,8.29
115188198@N0326983146655.jpg,8.09
